{
   "sEmptyTable":     "Nuk ka asnjë të dhënë në tabele",
   "sInfo":           "Duke treguar _START_ deri _END_ prej _TOTAL_ reshtave",
   "sInfoEmpty":      "Duke treguar 0 deri 0 prej 0 reshtave",
   "sInfoFiltered":   "(të filtruara nga gjithësej _MAX_  reshtave)",
   "sInfoPostFix":    "",
   "sInfoThousands":  ",",
   "sLengthMenu":     "Shiko _MENU_ reshta",
   "sLoadingRecords": "Duke punuar...",
   "sProcessing":     "Duke procesuar...",
   "sSearch":         "Kërkoni:",
   "sZeroRecords":    "Asnjë e dhënë nuk u gjet",
   "oPaginate": {
       "sFirst":    "E para",
       "sLast":     "E Fundit",
       "sNext":     "Tjetra",
       "sPrevious": "E Kaluara"
   },
   "oAria": {
       "sSortAscending":  ": aktivizo për të sortuar kolumnin me vlera në ngritje",
       "sSortDescending": ": aktivizo për të sortuar kolumnin me vlera në zbritje"
   }
}